,artists_song
0,M' Manc (con Geolier & Sfera Ebbasta) by Shablo
1,Indispensabile by Davide Rossi
2,Scorpione by Donzell*
3,Nebula by Dial
4,Dreamer nos vies by RCZ
5,GUARDAMI by Menox
6,Sunny 2 by Mirai
7,SLIME (feat. Rondodasosa) by Lazza
8,Partiamo (?) by Qvinto M
9,Casablanca by Still Noise
10,Bottiglie Privè by Sfera Ebbasta
11,On Gang by Thelonious B.
12,OCCHI by Yuan Bei
13,"PAROLA - feat. Lazza, Emis Killa by Giaime"
14,Torna da me by MRK
15,Beats Per Minute by Sei Once
16,Stanotte by Ferrax
17,Pioggia per favore by Andrea Lupi
18,Le cose non dette by Zak Munir
19,Penso a te prod.by Ado by D4ma
20,Vieni con me by Leonardo Mucciante
21,Disegna Un Cielo by Lorenz Simonetti
22,Via (Runnin' Away) by Anita Cane Violins
23,Tu Settembre by Dandi
24,Quale Blocco by THG
25,No Piazza by Frisk
26,SLATT (feat. Capo Plaza) by Rondodasosa
27,Equilibrio by G ROSE
28,Spoil Der by Shadowboy Myzic
29,All I Want for Christmas Is You by Mariah Carey
30,Last Christmas by Wham!
31,abcdefu by GAYLE
32,STAY (with Justin Bieber) by The Kid LAROI
33,Rockin' Around The Christmas Tree by Brenda Lee
34,Jingle Bell Rock by Bobby Helms
35,Easy On Me by Adele
36,It's Beginning to Look a Lot like Christmas by Michael Bublé
37,INDUSTRY BABY (feat. Jack Harlow) by Lil Nas X
38,Santa Tell Me by Ariana Grande
39,It's the Most Wonderful Time of the Year by Andy Williams
40,Heat Waves by Glass Animals
41,Enemy (with JID) - from the series Arcane League of Legends by Imagine Dragons
42,Cold Heart - PNAU Remix by Elton John
43,Feliz Navidad by José Feliciano
44,Snowman by Sia
45,Pepas by Farruko
46,Underneath the Tree by Kelly Clarkson
47,Shivers by Ed Sheeran
48,Sleigh Ride by The Ronettes
49,Mistletoe by Justin Bieber
50,Driving Home for Christmas - 2019 Remaster by Chris Rea
51,Let It Snow! Let It Snow! Let It Snow! (with The B. Swanson Quartet) by Frank Sinatra
52,Merry Christmas by Ed Sheeran
53,Do It To It by ACRAZE
54,White Christmas by Bing Crosby
55,Bad Habits by Ed Sheeran
56,Let It Snow! Let It Snow! Let It Snow! by Dean Martin
57,Holly Jolly Christmas by Michael Bublé
58,Happy Xmas (War Is Over) - Remastered 2010 by John Lennon
59,Woman by Doja Cat
60,Wonderful Christmastime - Edited Version / Remastered 2011 by Paul McCartney
61,My Universe by Coldplay
62,good 4 u by Olivia Rodrigo
63,Merry Christmas Everyone by Shakin' Stevens
64,Do They Know It's Christmas? - 1984 Version by Band Aid
65,A Holly Jolly Christmas - Single Version by Burl Ives
66,All Too Well (10 Minute Version) (Taylor's Version) (From The Vault) by Taylor Swift
67,Kiss Me More (feat. SZA) by Doja Cat
68,Infinity by Jaymes Young
69,The Christmas Song (Merry Christmas To You) by Nat King Cole
70,Need to Know by Doja Cat
71,Yonaguni by Bad Bunny
72,MONTERO (Call Me By Your Name) by Lil Nas X
73,love nwantiti (ah ah ah) by CKay
74,Beggin' by Måneskin
75,MONEY by LISA
76,Lo Siento BB:/ (with Bad Bunny & Julieta Venegas) by Tainy
77,Toxic by BoyWithUke
78,Happier Than Ever by Billie Eilish
79,Uptown Funk (feat. Bruno Mars) by Mark Ronson
80,I Wanna Dance with Somebody (Who Loves Me) by Whitney Houston
81,Don't Stop Believin' by Journey
82,"CAN'T STOP THE FEELING! (from DreamWorks Animation's ""TROLLS"") by Justin Timberlake"
83,Shut Up and Dance by WALK THE MOON
84,Sweet Caroline by Neil Diamond
85,Cupid Shuffle by Cupid
86,Thinking out Loud by Ed Sheeran
87,Yeah! (feat. Lil Jon & Ludacris) by Usher
88,Wobble by V.I.C.
89,Cha Cha Slide by Mr. C
90,I Gotta Feeling by Black Eyed Peas
91,Happy by Pharrell Williams
92,Livin' On A Prayer by Bon Jovi
93,Marry You by Bruno Mars
94,"September by Earth, Wind & Fire"
95,24K Magic by Bruno Mars
96,Brown Eyed Girl by Van Morrison
97,Despacito - Remix by Luis Fonsi
98,Love Shack by The B-52's
99,Hey Ya! by Outkast
100,Everybody (Backstreet's Back) - Extended Version by Backstreet Boys
101,We Found Love by Rihanna
102,All of Me by John Legend
103,You Shook Me All Night Long by Back In Black
104,Twist And Shout - Remastered 2009 by The Beatles
105,Wannabe by Spice Girls
106,Can't Help Falling In Love by Elvis Presley
107,Party Rock Anthem by LMFAO
108,The Way You Look Tonight - 2008 Remastered by Frank Sinatra
109,Crazy In Love (feat. Jay-Z) by Beyoncé
110,Billie Jean by Michael Jackson
111,Low (feat. T-Pain) by Flo Rida
112,This Is How We Do It by Montell Jordan
113,My Girl by The Temptations
114,Single Ladies (Put a Ring on It) by Beyoncé
115,Baby Got Back by Sir Mix-A-Lot
116,Dancing Queen by ABBA
117,Party In The U.S.A. by Miley Cyrus
118,Wagon Wheel by Darius Rucker
119,We Are Family by Sister Sledge
120,Turn Down for What by DJ Snake
121,Don't Stop 'Til You Get Enough by Michael Jackson
122,Timber (feat. Ke$ha) by Pitbull
123,SexyBack (feat. Timbaland) by Justin Timberlake
124,Mr. Brightside by The Killers
125,Come On Eileen by Dexys Midnight Runners
126,Get Low by Lil Jon & The East Side Boyz
127,Celebration by Kool & The Gang
128,Danza Kuduro by Don Omar
129,That's What I Like by Bruno Mars
130,"Moves Like Jagger - Studio Recording From ""The Voice"" Performance by Maroon 5"
131,Pour Some Sugar On Me - Remastered 2017 by Def Leppard
132,Die A Happy Man by Thomas Rhett
133,Y.M.C.A. by Village People
134,Build Me Up Buttercup by The Foundations
135,Sweet Home Alabama by Lynyrd Skynyrd
136,Hot In Herre by Nelly
137,You Make Me Feel... (feat. Sabi) by Cobra Starship
138,Wonderful Tonight by Eric Clapton
139,Forever by Chris Brown
140,A Thousand Years by Christina Perri
141,"Give Me Everything (feat. Ne-Yo, Afrojack & Nayer) by Pitbull"
142,Play That Funky Music by Wild Cherry
143,At Last - Single Version by Etta James
144,Cake By The Ocean by DNCE
145,Girls Just Want to Have Fun by Cyndi Lauper
146,Cotton Eye Joe by Rednex
147,Get Lucky (feat. Pharrell Williams & Nile Rodgers) by Daft Punk
148,Bye Bye Bye by *NSYNC
149,Push It (Re-Recorded) [Remastered] by Salt-N-Pepa
150,"Signed, Sealed, Delivered (I'm Yours) by Stevie Wonder"
151,Stand by Me by Ben E. King
152,No Diggity by Blackstreet
153,Just the Way You Are by Bruno Mars
154,All Star by Smash Mouth
155,Marry Me by Train
156,Macarena by Los Del Rio
157,Thriller by Michael Jackson
158,Bohemian Rhapsody - Remastered 2011 by Queen
159,Ice Ice Baby by Vanilla Ice
160,Country Girl (Shake It For Me) by Luke Bryan
161,Chicken Fried by Zac Brown Band
162,Gold Digger by Kanye West
163,Sexy And I Know It by LMFAO
164,Raise Your Glass by P!nk
165,Watch Me (Whip / Nae Nae) by Silentó
166,What A Wonderful World - Single Version by Louis Armstrong
167,Fireball (feat. John Ryan) by Pitbull
168,I'm Yours by Jason Mraz
169,Call Me Maybe by Carly Rae Jepsen
170,Jessie's Girl by Rick Springfield
171,Sweet Child O' Mine by Guns N' Roses
172,"I Don't Want to Miss a Thing - From ""Armageddon"" Soundtrack by Aerosmith"
173,"Shout, Pts. 1 & 2 by The Isley Brothers"
174,All About That Bass by Meghan Trainor
175,Gangnam Style (강남스타일) by PSY
176,Ho Hey by The Lumineers
177,Firework by Katy Perry
178,Sex on Fire by Kings of Leon
179,Vai Lá Em Casa Hoje by George Henrique & Rodrigo
180,Esqueça-Me Se For Capaz by Marília Mendonça
181,Arranhão - Ao Vivo by Henrique & Juliano
182,Toma Toma Vapo Vapo by Zé Felipe
183,Presepada by Marília Mendonça
184,Ameaça by Paulo Pires
185,GALOPA by PEDRO SAMPAIO
186,Coração Cachorro by Avine Vinny
187,Todo Mundo Menos Você by Marília Mendonça
188,Parada Louca by Mari Fernandez
189,A Maior Saudade - Ao Vivo by Henrique & Juliano
190,Ela me Falou Que Quer Rave by MC Levin
191,Bloqueado - Ao Vivo by Gusttavo Lima
192,Nota de Repúdio - Ao Vivo by Gusttavo Lima
193,Revoada No Colchão by Zé Felipe
194,Ela e Ela by Zé Neto & Cristiano
195,NO CHÃO NOVINHA by Anitta
196,Meu Pedaço de Pecado by João Gomes
197,Molhando o Volante by Jorge & Mateus
198,Você Beberia Ou Não Beberia? by Zé Neto & Cristiano
199,Putariazinha by Felipe Amorim
200,Pandora by DJ Matt D
201,Expectativa x Realidade by Matheus & Kauan
202,Cê Tá Preparada - Ao Vivo Em Goiânia / 2021 by Tayrone
203,Baby Me Atende by Matheus Fernandes
204,Ficha Limpa - Ao Vivo by Gusttavo Lima
205,Bala Love by Mc Anjim
206,Acordo - Ao Vivo by Henrique & Juliano
207,"Trava na Pose, Chama no Zoom, Dá um Close (feat. Mc Rennan) by DJ Patrick Muniz"
208,Por Supuesto by Marina Sena
209,Rolê by Tarcísio do Acordeon
210,Localiza Aí BB by Vitor e Luan
211,Carinha de Neném by Japãozin
212,Senta Danada by Zé Felipe
213,Não Sei o Que Lá by Marília Mendonça
214,Vestido Coladinho by Max e Luan
215,Sem Sentimento by DG e Batidão Stronda
216,Desbloqueado - Ao Vivo by Diego & Victor Hugo
217,Aquelas Coisas by João Gomes
218,Mete a Louca by MC Rogerinho
219,MORENA by Luan Santana
220,Motel Afrodite by Marília Mendonça
221,Dar uma Namorada - Ao Vivo by Israel & Rodolffo
222,Quer Voar by Matuê
223,Set dos Casados by Mc Davi
224,Troca de Calçada by Marília Mendonça
225,A QUEDA by Gloria Groove
226,Água Nos Zói - Ao Vivo by Clayton & Romário
227,Namorando Com Saudade by Jorge & Mateus
228,Bota a Mão no Chão by Felipe Cardoso DJ
229,Broadway Girls (feat. Morgan Wallen) by Lil Durk
230,Super Gremlin by Kodak Black
231,It's Beginning to Look a Lot Like Christmas (with Mitchell Ayres & His Orchestra) by Perry Como
232,Christmas (Baby Please Come Home) by Darlene Love
233,I Hate U by SZA
234,Run Rudolph Run - Single Version by Chuck Berry
235,Santa Claus Is Coming To Town by The Jackson 5
236,Blue Christmas by Elvis Presley
237,Knife Talk (with 21 Savage ft. Project Pat) by Drake
238,Jingle Bells - Remastered 1999 by Frank Sinatra
239,Carol of the Bells by Mykola Dmytrovych Leontovych
240,Santa Baby (with Henri René & His Orchestra) by Eartha Kitt
241,Christmas Time Is Here - Vocal by Vince Guaraldi Trio
242,"Baby, It's Cold Outside by Dean Martin"
243,Here Comes Santa Claus (Right Down Santa Claus Lane) - 1947 Version by Gene Autry
244,"Santa Claus Is Comin' to Town - Live at C.W. Post College, Greenvale, NY - December 1975 by Bruce Springsteen"
245,Smokin Out The Window by Bruno Mars
246,Little Saint Nick - 1991 Remix by The Beach Boys
247,Deck The Halls by Nat King Cole
248,O Tannenbaum by Vince Guaraldi Trio
249,Christmas (Baby Please Come Home) by Mariah Carey
250,When Hello Means Goodbye by Alex Alexander
251,Piece of Me by Ley Vara
252,Get Back (feat. Chris Brown) by Mario
253,Hold On by Drist
254,Talking sex by K LSY
255,Smokers by C. Wells
256,Stress by Profound Artist
257,Ayé by Santy Sava
258,Save You by Swaded
259,Hurricane by Kanye West
260,Blue Notes 2 (feat. Lil Uzi Vert) by Meek Mill
261,Linda by Tokischa
262,Good Ones by Charli XCX
263,TSU by Drake
264,Monday by Imagine Dragons
265,ex i never had by LANY
266,Let's Lose Our Minds by SoFaygo
267,No Time For Sleep (Freestyle) by Bobby Shmurda
268,Way 2 Sexy (with Future & Young Thug) by Drake
269,Acapulco by Jason Derulo
270,"Million To One - from the Amazon Original Movie ""Cinderella"" by Camila Cabello"
271,Ley Seca by Jhay Cortez
272,HOLD ON by Lil Tecca
273,Gët Busy by Yeat
274,Shit Show by Peter McPoland
275,C'est La Vie by Surfaces
276,I Still Have Faith In You by ABBA
277,Fire In The Sky by Anderson .Paak
278,Point and Kill by Little Simz
279,'96 Bulls by Kota the Friend
280,The 90s by FINNEAS
281,Don't Break the Heart by Tom Grennan
282,Love (Sweet Love) by Little Mix
283,Foreign Things by Amber Mark
284,Lockdown by Priya Ragu
285,Lush Life - Retro Version by Zara Larsson
286,I Don't Want You by Riton
287,Dick (feat. Doja Cat & Ludacris) by StarBoi3
288,Mask Off (Feelings) by Duckwrth
289,Birth Of SYRE - Day Tripper’s Edition by Jaden
290,Rainbow Bap feat. ¿Téo? - Remix by Jaden
291,Boomerang by Yebba
292,Simon Say (feat. Flo Milli) by Destiny Rogers
293,Tell Your Mama by Kehlani
294,Killing Me by Sasha Keable
295,No Chill by Duckwrth
296,Another Life (feat. FLETCHER & Josh Golden) by Surf Mesa
297,Elvis Song by Maisie Peters
298,We Outside by Duckwrth
299,No One In The World by Michael Dión
300,It's a Wrap by Tinashe
301,On God (feat. Gucci Mane & Cootie) by BiC Fizzle
302,Ghost (feat. Hardy Caprio) - Refix by Rudimental
303,No Chill by Duckwrth
304,Never Seen by Angel Haze
305,Hourglass (with Baby Tate) by James Vickery
306,Voices by Calabasas
307,Undo (Back To My Heart) by Tinashe
308,1080p by Elujay
309,ベテルギウス by Yuuri
310,ドライフラワー by Yuuri
311,残響散歌 by Aimer
312,なんでもないよ、 by Macaroni Empitsu
313,Butter by BTS
314,水平線 by back number
315,一途 by King Gnu
316,Dynamite by BTS
317,君に夢中 by Hikaru Utada
318,夜に駆ける by YOASOBI
319,Cry Baby by Official HIGE DANdism
320,群青 by YOASOBI
321,Permission to Dance by BTS
322,シャッター by Yuuri
323,きらり by Fujii Kaze
324,勿忘 by Awesome City Club
325,ハート by Aimyon
326,怪物 by YOASOBI
327,踊り子 by Vaundy
328,シンデレラボーイ by Saucy Dog
329,ヨワネハキ by MAISONdes
330,ELEVEN by IVE
331,常緑 by Chippoke Ohashi
332,CITRUS by Da-iCE
333,YOKAZE by HENTAI SHINSHI CLUB
334,魔法の絨毯 by Takaya Kawasaki
335,三原色 by YOASOBI
336,The Feels by TWICE
337,踊 by Ado
338,点描の唄 by Mrs. GREEN APPLE
339,"Stand by me, Stand by you. by HIRAIDAI"
340,もう少しだけ by YOASOBI
341,BOY by King Gnu
342,ミライチズ by Yoru no Hitowarai
343,Chopstick by NiziU
344,猫 by DISH//
345,115万キロのフィルム by Official HIGE DANdism
346,怪盗 by back number
347,クリスマスソング by back number
348,かくれんぼ by Yuuri
349,虹 by Masaki Suda
350,I LOVE... by Official HIGE DANdism
351,Pretender by Official HIGE DANdism
352,裸の心 by Aimyon
353,Bluma to Lunch by BLOOM VASE
354,炎 by LiSA
355,ギラギラ by Ado
356,napori by Vaundy
357,A La Antigüita by Calibre 50
358,Si Te Pudiera Mentir by Calibre 50
359,Ya Supérame (En Vivo) by Grupo Firme
360,Mon Amour - Remix by zzoilo
361,El Tóxico by Grupo Firme
362,Todo De Ti by Rauw Alejandro
363,Ya Acabo by Marca MP
364,Como Lo Hice Yo by Matisse
365,Cada Quien by Grupo Firme
366,Debo Entender by Santa Fe Klan
367,Botella Tras Botella by Gera MX
368,Volví by Aventura
369,En Tu Perra Vida by Grupo Firme
370,DÁKITI by Bad Bunny
371,Tacones Rojos by Sebastian Yatra
372,Yo Ya No Vuelvo Contigo - En Vivo by Lenin Ramírez
373,Sobrio by Maluma
374,La Sinvergüenza by Christian Nodal
375,Mónaco by LAGOS
376,Se Amerita by Junior H
377,Te Ire A Buscar by Santa Fe Klan
378,Tiroteo - Remix by Marc Seguí
379,Un Millon De Primaveras by Vicente Fernández
380,Cuidando El Territorio by Calibre 50
381,Complicado by Gera MX
382,Se Fue La Pantera (En Vivo) by Grupo Firme
383,Qué Más Pues? by J Balvin
384,AM Remix by Nio Garcia
385,Índigo by Camilo
386,Hasta la Raíz by Natalia Lafourcade
387,Gracias - En Vivo by Grupo Firme
388,Pareja Del Año by Sebastian Yatra
389,Don't Be Shy by Tiësto
390,Tranquilito by Gerardo Ortiz
391,Fuentes de Ortiz by Ed Maverick
392,Todo Va a Estar Bien by Santa Fe Klan
393,Medallo by Blessd
394,Nostálgico by Rvssian
395,LA CANCIÓN by J Balvin
396,Cúrame by Rauw Alejandro
397,Ramito De Violetas by Mi Banda El Mexicano
398,París by Ingratax
399,Mujeres Divinas by Vicente Fernández
400,DANCE CRIP by Trueno
401,Se Menea by Don Omar
402,Súbelo by Anuel AA
403,Lao' a Lao' by Prince Royce
404,Monastery by Ryan Castro
405,No Te Deseo el Mal by Eladio Carrion
406,Sal y Perrea - Remix by Sech
407,LA FAMA (with The Weeknd) by ROSALÍA
408,Todo De Ti by Rauw Alejandro
409,La Botella by Justin Quiles
410,El Incomprendido by Farruko
411,Atrevida by Vainy
412,Una Nota by J Balvin
413,Fresca by LUVA
414,Flow HP by Don Omar
415,Poblado - Remix by J Balvin
416,Te Olvido by Manuel Turizo
417,Te Encontre by Fede Vigevani
418,Volando - Remix by Mora
419,Qué Más Pues? by J Balvin
420,MÉTELE AL PERREO by Daddy Yankee
421,Se Fue la Luz by Vainy
422,Si Te Atreves by J Balvin
423,Wow Wow (feat. Becky G) by Maria Becerra
424,23 Preguntas by Anuel AA
425,Curazao by El Alfa
426,In Da Getto by J Balvin
427,EL MAKINON by KAROL G
428,LOCATION by KAROL G
429,Fiel - Remix by Wisin
430,"Chucky73: Bzrp Music Sessions, Vol. 43 by Bizarrap"
431,"Nicky Jam: Bzrp Music Sessions, Vol. 41 by Bizarrap"
432,PROBLEMA by Daddy Yankee
433,Fiel by Los Legendarios
434,La Jeepeta - Remix by Nio Garcia
435,911 by Sech
436,LEYENDAS by KAROL G
437,Polvo by Nicky Jam
438,Otra Noche Sin Ti by J Balvin
439,Noches en Miami by Natti Natasha
440,La Curiosidad by Jay Wheeler
441,Ella No Es Tuya - Remix by Rochy RD
442,Baila Conmigo (with Rauw Alejandro) by Selena Gomez
443,DÁKITI by Bad Bunny
444,"La Curiosidad (feat. Dj Nelson, Jhay Cortez, Lunay & Kendo Kaponi) - Blue Grand Prix Remix by Jay Wheeler"
445,Bandido by Myke Towers
446,Travesuras - Remix by Nio Garcia
447,De Vuelta Pa' La Vuelta by Daddy Yankee
448,LA NOCHE DE ANOCHE by Bad Bunny
449,Hecha Pa' Mi by Boza
450,AM by Nio Garcia
451,Explícito by Myke Towers
452,Fan de Tus Fotos by Nicky Jam
453,La Nota by Manuel Turizo
454,Las Nenas (feat. La Duraca) by Natti Natasha
455,Mala Costumbre by Manuel Turizo
456,La Venganza by J Balvin
457,CHIMBITA by Feid
458,HOY COBRÉ by Bad Bunny
459,MALDITA POBREZA by Bad Bunny
460,BICHOTA by KAROL G
461,Antes by Anuel AA
462,Blinding Lights (with ROSALÍA) - Remix by The Weeknd
463,100 by Anuel AA
464,POR ELLA by Cali Y El Dandee
465,No Te Enamores - Remix by Milly
466,Una Locura by Ozuna
467,Hawái by Maluma
468,Reloj by Rauw Alejandro
469,Perra by J Balvin
470,Mi Niña by Wisin
471,Diosa - Remix by Myke Towers
472,Singapur (Remix) by El Alfa
473,CÓMO SE SIENTE - Remix by Jhay Cortez
474,Hawái - Remix by Maluma
475,UN DIA (ONE DAY) (Feat. Tainy) by J Balvin
476,"Morad: Bzrp Music Sessions, Vol. 47 by Bizarrap"
477,Desesperados by Rauw Alejandro
478,Salimo de Noche by Tiago PZK
479,Formentera by Aitana
480,Nueva York (Tot*) by Bad Gyal
481,Ateo by C. Tangana
482,Experimento by Myke Towers
483,Una Vaina Loca by Fuego
484,Dile (Homenaje) by Jhay Cortez
485,Tu Y Yo (feat. Los del Control) by Cano
486,Combo la L by Beny Jr
487,She Don't Give a Fo by Duki
488,Loco by Justin Quiles
489,Su Payita (Gramos) by Bad Gyal
490,La Historia by El Taiger
491,120 by Bad Bunny
492,"Ptazeta: Bzrp Music Sessions, Vol. 45 by Bizarrap"
493,El Incomprendido by Farruko
494,INMORTALES by Funzo & Baby Loud
495,YIN YAN by Duki
496,Habla Claro by Eladio Carrion
497,Colorín Colorado by Justin Quiles
498,Cuando Ella Sale by Morad
499,"Anuel AA: Bzrp Music Sessions, Vol. 46 by Bizarrap"
500,La Old Skul by Rauw Alejandro
501,FEEL ME?? by Trueno
502,Ingobernable by C. Tangana
503,ALMAS GEMELAS by Myke Towers
504,"Oh, Tonight (feat. Kacey Musgraves) by Josh Abbott Band"
505,The Bones by Maren Morris
506,Who I Am With You by Chris Young
507,I Need You by Tim McGraw
508,Pushing Up Daisies (Love Alive) by Brothers Osborne
509,With You I Am by Cody Johnson
510,To The Moon And Back by Luke Bryan
511,Made For You by Jake Owen
512,"Forever And Ever, Amen by Josh Turner"
513,Dance with Me (feat. Kelsea Ballerini) by Morgan Evans
514,Forever Girl by Jon Langston
515,Forever To Go by Chase Rice
516,One Woman by Randy Rogers Band
517,Cover Me Up by Morgan Wallen
518,Wild As Me by Meghan Patrick
519,On My Way to You by Cody Johnson
520,Lady May by Tyler Childers
521,Forever After All by Luke Combs
522,Better Together by Luke Combs
523,Got What I Got by Jason Aldean
524,Love Your Love The Most by Eric Church
525,Like Jesus Does by Eric Church
526,Eyes On You by Chase Rice
527,Hard To Love (Acoustic) by Lee Brice
528,When You Say Nothing At All by Dylan Scott
529,You Had Me from Hello by Kenny Chesney
530,When You Got A Good Thing by Lady A
531,Tough Ones by Cooper Alan
532,Holding On to You by Miranda Lambert
533,My Side of the Fence by Dan + Shay
534,Next To You by Little Big Town
535,Fall by Kolby Cooper
536,Settle Me Down by Josh Abbott Band
537,Dancing Away with My Heart by Dillon Carmichael
538,Prayed For You - Wedding Version by Matt Stell
539,Soulmate by Josh Turner
540,Only You Can Love Me This Way by Keith Urban
541,Then by Brad Paisley
542,Where I Belong by Justin Lee
543,From This Moment On - Pop On-Tour Version by Shania Twain
544,Nobody (Stripped) by Dylan Scott
545,Like the Rain by Clint Black
546,Homesick - First Dance Version by Kane Brown
547,You Make It Easy by Jason Aldean
548,The Luckiest by Josh Abbott Band
549,Millionaire by Chris Stapleton
550,Hey Pretty Girl by Kip Moore
551,Makin' Plans by Miranda Lambert
552,Cowboy Take Me Away by The Chicks
553,Tennessee Whiskey by Chris Stapleton
554,Bar by TINI
555,TITAN by Salastkbron
556,Rápido Lento by Emilia
557,KALEB DI MASI | DJ TAO Turreo Sessions #5 by Kaleb Di Masi
558,Pa Tra Rkt by Callejero Fino
559,Antes de Ti by Rusherking
560,BB by MYA
561,Como Si No Importara by Emilia
562,Turraka - Remix by Kaleb Di Masi
563,El Mismo Aire by La K'onga
564,Entre Nosotros by Tiago PZK
565,Mal Acostumbrao by Mau y Ricky
566,Otra Noche by Los Ángeles Azules
567,Miénteme by TINI
568,Wow Wow (feat. Becky G) by Maria Becerra
569,Sabe by Nicki Nicole
570,Ya No Llora by Marama
571,Unfollow by Duki
572,TRUCHO by Perro Primo
573,MESITA | Mission 05 by Alan Gomez
574,Matatan by Kaleb Di Masi
575,TOP 5 by Duki
576,Cosas Malas - Remix by Jona Mix
577,"No Me Conocen (Remix) [con DUKI, Rei & Tiago PZK] by BANDIDO"
578,2:50 Remix by MYA
579,Te Mentiría by La K'onga
580,Mi Debilidad by Maria Becerra
581,De Enero a Diciembre by Emilia
582,VIVIR ASÍ ES MORIR DE AMOR by Nathy Peluso
583,Hace Calor by Kaleb Di Masi
584,Turraka (Remix) by Kaleb Di Masi
585,Pano by Zack Tabudlo
586,Pagsamo by Arthur Nery
587,Habang Buhay by Zack Tabudlo
588,Ikaw Lang by NOBITA
589,Paraluman by Adie
590,BMW by Because
591,Ghost by Justin Bieber
592,Binibini by Zack Tabudlo
593,Nangangamba by Zack Tabudlo
594,I Love You So by The Walters
595,Tahanan by Adie
596,Here's Your Perfect by Jamie Miller
597,double take by dhruv
598,Higa by Arthur Nery
599,Enchanted by Taylor Swift
600,To the Bone by Pamungkas
601,I GUESS I'M IN LOVE by Clinton Kane
602,Lagi by Skusta Clee
603,Happy w u (feat. Jason Dhakal) by Arthur Nery
604,Pelikula by Janine Teñoso
605,Unang Sayaw by NOBITA
606,Binhi by Arthur Nery
607,traitor by Olivia Rodrigo
608,Isa lang by Arthur Nery
609,Nothing by Bruno Major
610,happier by Olivia Rodrigo
611,Pasalubong - feat. Moira Dela Torre by Ben&Ben
612,ONLY by LeeHi
613,Girl Of My Dreams (with SUGA of BTS) by Juice WRLD
614,"Peer Gynt Suite No. 1, Op. 46: I. Morning Mood by Edvard Grieg"
615,"Symphony No. 5 in C Minor, Op. 67 ""Fate"": Allegro con brio by Ludwig van Beethoven"
616,"The Four Seasons, Violin Concerto in E Major, RV 269 ""Spring"": I. Allegro by Antonio Vivaldi"
617,"Adagio for Strings, Op. 11 by Samuel Barber"
618,"Die Walkürie, WWV 86b, Act III: Ride of the Valkyries by Richard Wagner"
619,"Nocturnes, Op. 9: No. 2, Andante in E-Flat Major by Frédéric Chopin"
620,"Canon and Gigue in D Major, P. 37: I. Canon by Johann Pachelbel"
621,Carmina Burana: O Fortuna by Carl Orff
622,"Orchestral Suite No. 3 in D Major, BWV 1068: II. Air by Johann Sebastian Bach"
623,"The Planets, Op. 32: IV. Jupiter, the Bringer of Jollity by Gustav Holst"
624,"Suite bergamasque, L. 75: III. Clair de lune by Claude Debussy"
625,"Nabucco, Act III: Chorus of the Hebrew Slaves, ""Va pensiero, sull'ali dorate"" by Giuseppe Verdi"
626,"Piano Concerto No. 21 in C Major, K. 467: II. Andante by Wolfgang Amadeus Mozart"
627,"Brandenburg Concerto No. 3 in G Major, BWV 1048: III. Allegro by Johann Sebastian Bach"
628,"Thaïs, Act II: Méditation by Jules Massenet"
629,"Symphony No. 9 in E Minor, Op. 95 ""From the New World"": II. Largo by Antonín Dvořák"
630,"The Blue Danube, Op. 314 by Johann Strauss II"
631,"21 Hungarian Dances, WoO 1: No. 5, Allegro in F-Sharp Minor by Johannes Brahms"
632,"Swan Lake, Op. 20a: No. 1, Scène by Pyotr Ilyich Tchaikovsky"
633,3 Gymnopédies: I. Lent et douloureux by Erik Satie
634,"Requiem in D Minor, K. 626: III. Sequenz, No. 6, Lacrymosa by Wolfgang Amadeus Mozart"
635,"Bagatelle in A Minor, WoO 59 ""Für Elise"" by Ludwig van Beethoven"
636,"Pomp and Circumstance, Op. 39: No. 1, March in D Major by Edward Elgar"
637,Carmen Suite No. 2: II. Habanera by Georges Bizet
638,"Symphony No. 9 in D Minor, Op. 125 ""Choral"": IV. Presto ""Ode to Joy"" by Ludwig van Beethoven"
639,"Les contes d'Hoffmann, Act III: Belle nuit, ô nuit d'amour ""Barcarolle"" (Instrumental Version) by Jacques Offenbach"
640,Adagio in G Minor by Remo Giazotto
641,"Serenade in G Major, K. 525 ""Eine kleine Nachtmusik"": I. Allegro by Wolfgang Amadeus Mozart"
642,Il barbiere di Siviglia: Overture by Gioachino Rossini
643,"Piano Sonata No. 14 in C-Sharp Minor, Op. 27 No. 2 ""Moonlight"": I. Adagio sostenuto by Ludwig van Beethoven"
644,Má Vlast (My Fatherland): Vltava (The Moldau River) by Bedřich Smetana
645,"String Quintet in E Major, G. 282: III. Minuetto - Trio by Luigi Boccherini"
646,"Symphony No. 40 in G Minor, K. 550: I. Allegro molto by Wolfgang Amadeus Mozart"
647,"Slavonic Dances, Op. 72: No. 2, Dumka (Allegretto grazioso) by Antonín Dvořák"
648,"Ave Maria, CG 89a by Charles Gounod"
649,"Finlandia, Op. 26 by Jean Sibelius"
650,"Piano Sonata No. 11 in A Major, K. 331: III. Alla turca by Wolfgang Amadeus Mozart"
651,"Die Zauberflöte (The Magic Flute), K. 620: Overture by Wolfgang Amadeus Mozart"
652,"Messiah, HWV 56, Pt. 2 Scene 7: No. 44, Hallelujah (Chorus) by George Frideric Handel"
653,"Peer Gynt Suite No. 1, Op. 46: IV. In the Hall of the Mountain King by Edvard Grieg"
654,"Pavane, Op. 50 by Gabriel Fauré"
655,"Concerto for 2 Violins in D Minor, BWV 1043: I. Vivace by Johann Sebastian Bach"
656,"L'Arlesienne Suite No. 1, WD 40: I. Prelude by Georges Bizet"
657,"Radetzky March, Op. 228 by Johann Strauss I"
658,"Egmont, Op. 84: Overture in F Minor by Ludwig van Beethoven"
659,Cavatina by Stanley Myers
660,"Concerto Grosso No. 8 in G Minor, Op. 6, ""Christmas Concerto"": Allegro by Arcangelo Corelli"
661,"14 Romances, Op. 34: No. 14, Vocalise (Lentamente, molto cantabile) by Sergei Rachmaninoff"
662,"Messa da Requiem: II. Sequence, No. 1, Dies irae - Tuba mirum by Giuseppe Verdi"
663,"Symphony No. 5, Pt. 3: IV. Adagietto by Gustav Mahler"
664,Beach At Night by John Barry
665,"Out Of Africa (End Credits) - From ""Out Of Africa"" by John Barry"
666,"Mozart: Clarinet Concerto In A major, K622 (Adagio) by John Barry"
667,Out Of Africa by L'Orchestra Cinematique
668,Closer to the Sun (feat. STORME) by DJ SODA
669,Reina by Cyrus Dobre
670,Random Lover by Damon K. Clark
671,Get Back (feat. Chris Brown) by Mario
672,Nice Girl by Dafina
673,Witchcraft by Futuristic Polar Bears
674,Lightning by Helena Paparizou
675,How To Save A Life (feat. loafers & The High) by Timmy Trumpet
676,Blinding Lights by The Weeknd
677,Vluchtstrook by Kris Kross Amsterdam
678,Dat heb jij gedaan by MEAU
679,Streken Van Een Duivel by Bilal Wahib
680,Amsterdam by FLEMMING
681,Buren by Turfy Gang
682,Thunder by Gabry Ponte
683,In De Nacht by Yade Lauren
684,Where Are You Now by Lost Frequencies
685,Leuk by Antoon
686,The Motto by Tiësto
687,Thank God It's Christmas - Non-Album Single by Queen
688,Bon Gepakt by Donnie
689,Hard To Say Goodbye by RONDÉ
690,Moth To A Flame (with The Weeknd) by Swedish House Mafia
691,THATS WHAT I WANT by Lil Nas X
692,Leven by Maan
693,In M'n Bloed by Snelle
694,Vreemde Voor Mij by Sigourney K
695,Fairytale of New York (feat. Kirsty MacColl) by The Pogues
696,Step Into Christmas by Elton John
697,I Wish It Could Be Christmas Everyday by Wizzard
698,Merry Xmas Everybody by Slade
699,One More Sleep by Leona Lewis
700,Stop The Cavalry by Jona Lewie
701,Santa Baby by Kylie Minogue
702,Overseas by D-Block Europe
703,Seventeen Going Under by Sam Fender
704,Lonely This Christmas by Mud
705,Coming for You (feat. A1 x J1) by SwitchOTR
706,Flowers (Say My Name) by ArrDee
707,2000 Miles - 2007 Remaster by Pretenders
708,Make You Smile by D-Block Europe
709,Christmas Lights by Coldplay
710,STAY (with Justin Bieber) by The Kid LAROI
711,Bad Habits by Ed Sheeran
712,good 4 u by Olivia Rodrigo
713,Kiss Me More (feat. SZA) by Doja Cat
714,MONTERO (Call Me By Your Name) by Lil Nas X
715,Friday (feat. Mufasa & Hypeman) - Dopamine Re-Edit by Riton
716,Levitating (feat. DaBaby) by Dua Lipa
717,Peaches (feat. Daniel Caesar & Giveon) by Justin Bieber
718,Save Your Tears (with Ariana Grande) (Remix) by The Weeknd
719,Little Bit of Love by Tom Grennan
720,Missing Piece by Vance Joy
721,Rasputin by Majestic
722,drivers license by Olivia Rodrigo
723,My Head & My Heart by Ava Max
724,Don't Start Now by Dua Lipa
725,BED by Joel Corry
726,Dreams - 2004 Remaster by Fleetwood Mac
727,Cloudy Day by Tones And I
728,Leave Before You Love Me (with Jonas Brothers) by Marshmello
729,Mr. Brightside by The Killers
730,Someone You Loved by Lewis Capaldi
731,Cover Me In Sunshine by P!nk
732,Your Love (9PM) by ATB
733,Dreams by Jolyon Petch
734,Let’s Go Home Together by Ella Henderson
735,Need You Now by Lady A
736,One Too Many by Keith Urban
737,Fly Away by Tones And I
738,The Reaper by The Chainsmokers
739,I Said Hi by Amy Shark
740,Love Songs Ain't for Us (feat. Keith Urban) by Amy Shark
741,Stuck with U (with Justin Bieber) by Ariana Grande
742,Something Just Like This by The Chainsmokers
743,Say You'll Never Let Me Go by DJ You Will
744,Runtuh by Feby Putri
745,Sisa Rasa by Mahalini
746,Takut by Idgitaf
747,It's Only Me - Studio Version by Kaleb J
748,Pesan Terakhir by Lyodra
749,Melawan Restu by Mahalini
750,Every Summertime by NIKI
751,Aku Bukan Jodohnya by Tri Suaka
752,Dandelions by Ruth B.
753,It's You by Sezairi
754,Duka by Last Child
755,Blue Jeans by GANGGA
756,W.H.U.T by Aisha Retno
757,Bahaya by Arsy Widianto
758,Reckless by Madison Beer
759,Bertaut by Nadin Amizah
760,Terlukis Indah by Rizky Febian
761,Lantas by Juicy Luicy
762,Mesin Waktu by Budi Doremi
763,Cheating on You by Charlie Puth
764,24/7 by Celina Sharma
765,if u could see me cryin' in my room by Arash Buana
766,Rapsodi by JKT48
767,Kota by Dere
768,Sanctuary by Joji
769,365 by Tiara Andini
770,Berakhir Sama by Eclat Story
771,Shouldn't Be by Luke Chiang
772,Monokrom by Tulus
773,Pelangi by Hivi!
774,Jefe by Ninho
775,VVS by Ninho
776,Fixette - Bonus by Ziak
777,Vérité by Ninho
778,Jour meilleur by Orelsan
779,Aïcha by Ninho
780,TDB by OBOY
781,Best life by Naps
782,La kiffance by Naps
783,Time Time by Trei Degete
784,Arme de poing by Ninho
785,Sky Priority by Ninho
786,Démons by Angèle
787,Le classico organisé by Le classico organisé
788,Bruxelles je t’aime by Angèle
789,L'odeur de l'essence by Orelsan
790,OG by Ninho
791,No Life by Ninho
792,Intro by Ninho
793,Cœur de pirate by Le classico organisé
794,Gasolina (feat. Ninho) by Hornet La Frappe
795,Outro by Ninho
796,D O D O by Tayc
797,MAUVAIS 2X (feat. Ninho) by Gazo
798,Raspoutine by Ziak
799,Mood by Ninho
800,La Quête by Orelsan
801,Akimbo by Ziak
802,Athéna by Ninho
803,Daddy chocolat by Koba LaD
804,La maison que je voulais by Ninho
805,Du propre by Orelsan
806,YSL by Ninho
807,Tu le sais by Kalash
808,I Don't Fuck My Friends by Sophia Gripari
809,Why Did You Go (feat. Lilo) by Haidar Juma
810,Winter Feels A Little Warmer This Year by Amy FitzGerald
811,Lover Lover by BELLMAN
812,Rollercoaster by King of Little Sweden
813,Loco by OLI
814,Falling by AJ Jordan
815,This Quarantined Christmas by Sem Noa
816,No Big Deal by Ginger Jamie
817,Sanctuary by Max Påhlson
818,Fake Love by Yacobucci
819,Beautiful Mess by Christine Ekeberg
820,Already There by CAROLINE
821,BACK IN MY BAG // OFTEN by Camb
822,i don't wanna lose you right now by Vacation Club
823,Bossy by D-Terence
824,Permission to Dance by BTS
825,Wonderful Dream (Holidays Are Coming) - Radio Version by Melanie Thornton
826,Christmas Time by Bryan Adams
827,Mit Dir by Sido
828,DER LETZTE SONG (ALLES WIRD GUT) (feat. Fred Rabe) by KUMMER
829,Jingle Bell Rock - Daryl's Version by Daryl Hall & John Oates
830,In der Weihnachtsbäckerei by Rolf Zuckowski
831,Hallelujah by Pentatonix
832,Genau so Eine by Gzuz
833,My Only Wish (This Year) by Britney Spears
834,Like It's Christmas by Jonas Brothers
835,Blunt für dich by Jazeek
836,You Make It Feel Like Christmas (feat. Blake Shelton) by Gwen Stefani
837,Rudolph The Red-Nosed Reindeer by Dean Martin
838,Christmas Without You by Ava Max
839,Auf & Ab by Montez
840,Jung by Jamule
841,The Best Side Of Life by Sarah Connor
842,"Mazurkas, Op. 67: Mazurka No. 4 in A Minor by Frédéric Chopin"
843,"Souvenir de Hapsal, Op. 2: III. Chant sans paroles in F Major. Allegretto grazioso e cantabile by Pyotr Ilyich Tchaikovsky"
844,"Divertimento No. 17 in D Major, K. 334: VI. Menuet. Modernato by Wolfgang Amadeus Mozart"
845,"21 Hungarian Dances, WoO 1: VI. Dance in D-Flat Major. Vivace by Johannes Brahms"
846,"21 Hungarian Dances, WoO 1: I. Dance in G Minor. Allegro molto by Johannes Brahms"
847,"3 Romances, Op. 94: II. Romance in A Major. Einfach, innig by Robert Schumann"
848,"2 Morceaux, Op. 10: No. 2, Humoresque in G Major. Menuet by Luigi Boccherini"
849,Les millions D'Arlequin: Serenade by Riccardo Drigo
850,Sonata in A Major by Niccolò Paganini
851,"Träumerei, Op. 21 by Frantisek Alois Drdla"
852,"Das Lied der Geige, Op. 2 by Jan Schebek"
853,"Immer oder nimmer Walzer, Op. 156 by Émile Waldteufel"
854,Schön Rosmarin by Fritz Kreisler
855,"Espana, Op. 165: No. 2, Tango by Isaac Albéniz"
856,Russian Romance by Pyotr Chernyetsky
857,"Guitarre, Op. 45 No. 2 by Moritz Moszkowski"
858,Menuet (Attr. Porpora) by Nicola Porpora
859,Allegretto grazioso by Nicola Porpora
860,Le triomphe de la République: Tambourin (Arr. Burmester) by Francois-Joseph Gossec
861,"Salut d'amour, Op. 12 by Edward Elgar"
862,"3 Pieces, Op. 11: Mazurka in F-Sharp Minor by Frédéric Chopin"
863,"Poème for Violin and Piano, Op. 41 No. 4 (Arr. Weniger) by Zdeněk Fibich"
864,"5 Gedichte, WWV 91: V. Träume by Richard Wagner"
865,"Valse Scherzo in C Major, Op. 34 (Allegro. Tempo di valse) by Pyotr Ilyich Tchaikovsky"
866,"Song Without Words, Op. 60: I. Andante espressivo ""May Breezes"" (Arr. Kreisler) by Felix Mendelssohn"
867,"Myrthen, Op. 25: I. Dedication by Robert Schumann"
868,"6 Soirées à Saint-Petersbourg, Op. 44: No. 1, Romance in E-Flat Major by Anton Rubinstein"
869,"Cantabile in D Major, Op. 17 by Niccolò Paganini"
870,"Hungarian Dance No. 7 in F Major, WoO 1 (Allegretto) by Johannes Brahms"
871,"Romance, Op. 3 by Reinhold Glière"
872,Kujawiak in A Minor by Henryk Wieniawski
873,3 Old Viennese Dances: II. Liebesleid by Fritz Kreisler
874,Le roi s'amuse: VII. Passepied (Arr. Elman) by Léo Delibes
875,"Waltz No. 1 in A Major, Op. 54 (Moderato) by Antonín Dvořák"
876,"5 Spanish Dances, Op. 12: I. Allegro brioso by Moritz Moszkowski"
877,"16 Morceaux de Salon, Op. 49: VII. La Sevillana by Jean-Delphin Alard"
878,"Bandana Sketches, Op. 12 ""Nobody Knows the Trouble I've Seen"" by Clarence Cameron White"
879,Le Secret by Jacques Gaultier
880,"14 Romances, Op. 34: No. 14, Vocalise by Sergei Rachmaninoff"
881,"Préludes, L. 117, Premier Livre: VIII. La fille aux cheveux de lin by Claude Debussy"
882,"Orfeo ed Euridice, Wq. 30, Act 2: Melodie No. 2 (Arr. Heifetz) by Christoph Willibald Gluck"
883,"2 Pieces for Cello and Orchestra, Op. 20: II. Serenade Espagnole (Arr. Kreisler) by Alexander Glazunov"
884,"3 Romantic Pieces, Op. 75: I. Allegro moderato by Antonín Dvořák"
885,"3 Romantic Pieces, Op. 75: II. Allegro maestoso by Antonín Dvořák"
886,"3 Romantic Pieces, Op. 75: III. Allegro appassionato by Antonín Dvořák"
887,Romance by Henryk Wieniawski
888,"Zigeunerweisen, Op. 20 by Pablo de Sarasate"
889,Hora Staccato by Grigoras Dinicu
890,Pacsirta by Grigoras Dinicu
891,"Concerto for 2 Violins in D Minor, BWV 1043: I. Vivace by Johann Sebastian Bach"
892,"Concerto for 2 Violins in D Minor, BWV 1043: II. Largo ma non tanto by Johann Sebastian Bach"
893,"Concerto for 2 Violins in D Minor, BWV 1043: III. Allegro by Johann Sebastian Bach"
894,"Violin Concerto in A Minor, BWV 1041: I. Allegro by Johann Sebastian Bach"
895,"Violin Concerto in A Minor, BWV 1041: II. Andante by Johann Sebastian Bach"
896,"Violin Concerto in A Minor, BWV 1041: III. Allegro assai by Johann Sebastian Bach"
897,"Violin Concerto in E Major, BWV 1042: I. Allegro by Johann Sebastian Bach"
898,"Violin Concerto in E Major, BWV 1042: II. Adagio by Johann Sebastian Bach"
899,"Violin Concerto in E Major, BWV 1042: III. Allegro by Johann Sebastian Bach"
900,"Concerto in C Major, BWV 1064 (arr. for 3 violins and orchestra): I. Allegro by Johann Sebastian Bach"
901,"Concerto in C Major, BWV 1064 (arr. for 3 violins and orchestra): II. Adagio by Johann Sebastian Bach"
902,"Concerto in C Major, BWV 1064 (arr. for 3 violins and orchestra): III. Allegro by Johann Sebastian Bach"
903,"Concerto Grosso in B-Flat Major, HWV. 312, Op. 3 No. 1: I. Allegro by George Frideric Handel"
904,"Concerto Grosso in B-Flat Major, HWV. 312, Op. 3 No. 1: II. Largo by George Frideric Handel"
905,"Concerto Grosso in B-Flat Major, HWV. 312, Op. 3 No. 1: III. Allegro by George Frideric Handel"
906,"Concerto a cinque No. 2, Op. 9: I. Allegro e no presto by Tomaso Albinoni"
907,Når Julefreden Senker Seg by Truls Svendsen
908,Når Snøen Smelter - fra Tre nøtter til Askepott by Astrid S
909,Home for Christmas by Maria Mena
910,Fuckboy by Martine Lunde
911,Hey Ho by Freddy Kalas
912,Selmas sang (fra Snøfall) by Eva Weel Skram
913,Du er ikke alene by Victoria Nadine
914,Himmel På Jord by Kurt Nilsen
915,Ludvig Daae by Helene Olafsen
916,Home To You (This Christmas) by Sigrid
917,God Jævla Jul by Oskar Westerlin
918,Jula Hjemme (feat. Trygve Skaug) by Maria Mena
919,Stjernestøv by AURORA
920,Stjernesludd by Kurt Nilsen
921,Jul i svingen by Ingebjørg Bratland
922,Når himmelen faller ned by Anne Grete Preus
923,Loud Luxury 2022 by Ballinciaga
924,Magi - fra Kristiania Magiske Tivolitheater by Sebastian Zalo
925,"Let It Snow, Let It Snow, Let It Snow by Kurt Nilsen"
926,GHOST TOWN by Benson Boone
927,Harryhandel Halleluja by Oskar Westerlin
928,Pretty by Astrid S
929,Den fineste Chevy'n (feat. Maria Mena) by Halva Priset
930,En Til by Oskar Westerlin
931,Smilet i ditt eget speil by Chris Holsten
932,Mr. Invisible by Apollo 13
933,Gold Leaf by Apollo 13
934,INDUSTRY BABY (feat. Jack Harlow) by Lil Nas X
935,abc (nicer) by GAYLE
936,Need to Know by Doja Cat
937,Knife Talk (with 21 Savage ft. Project Pat) by Drake
938,All Too Well (10 Minute Version) (Taylor's Version) (From The Vault) by Taylor Swift
939,Kiss Me More (feat. SZA) by Doja Cat
940,B. D’OR (feat. Wizkid) by Burna Boy
941,Champion Sound by DaVido
942,Dior by Ruger
943,Sip (Alcohol) by Joeboy
944,Come My Way by Wande Coal
945,Eh God (Barnabas) by Kizz Daniel
946,Peru by Fireboy DML
947,love nwantiti (ah ah ah) [feat. Joeboy & Kuami Eugene] [Remix] by CKay
948,Cold Outside by Timaya
949,Feel Good by Mohbad
950,Rock by Olamide
951,Somebody’s Son (Ft Brandy) by Tiwa Savage
952,No Way by Jimohsoundz
953,Kilometre by Burna Boy
954,Anoti by WizKid
955,Lie by Kizz Daniel
956,Understand by Omah Lay
957,KPK (Ko Por Ke) by Rexxie
958,My Bebe by Omah Lay
959,Ojuju by Troniq Music
960,Holy Father by Mayorkun
961,Mad Love by EM Jhae
962,Dem Dey Rush Us by Mr. 2Kay
963,Essence (feat. Tems) by WizKid
964,Drug Test by Naira Marley
965,Feeling by LADIPOE
966,Bounce by Rema
967,Tanana (feat. Tiwa Savage) by DaVido
968,Forever (Remix) by Gyakie
969,Medicine by Jaywillz
970,Ginger (feat. Burna Boy) by WizKid
971,Ke Star - Remix by Focalistic
972,Party Next Door by Dangbana Republik
973,This Your Body by Skales
974,Celebrate Me by Patoranking
975,High by Adekunle Gold
976,Fashion Killer by Ayra Starr
977,Monalisa by Lojay
978,Betty Butter by Mayorkun
979,Ozumba Mbadiwe by Reekado Banks
980,Okay by Adekunle Gold
981,Felicitation by Dj Voyst
982,Godly by Omah Lay
983,Coming by Naira Marley
984,Rush by Dangbana Republik
985,Bling (feat. Amaarae & Buju) by Blaqbonez
986,Abule by Patoranking
987,Too Many Women by Ajebutter22
988,Naira Marley by Zinoleesky
989,FOR YOU by Teni
990,Lupita Nyongo by Reekado Banks
991,SAD GIRLZ LUV MONEY Remix (feat. Kali Uchis and Moliy) by Amaarae
992,Snapchat by Ruger
993,Baby Riddim by Fave
994,∞ LOVE (feat. Guè) by Marracash
995,SAPORE – with Tedua by Fedez
996,Pastello Bianco by Pinguini Tattici Nucleari
997,CRAZY LOVE by Marracash
998,Veleno by Guè
999,KUMITE by Salmo
1000,MI FAI IMPAZZIRE by BLANCO
1001,NEMESI (feat. BLANCO) by Marracash
1002,SUI MURI by PSICOLOGI
1003,Finché Non Mi Seppelliscono by BLANCO
1004,Blitz! (feat. Geolier) by Guè
1005,Notti In Bianco by BLANCO
1006,Come nelle canzoni by Coez
1007,Piango Sulla Lambo (feat. Rose Villain) by Guè
1008,TU MI HAI CAPITO (feat. Sfera Ebbasta) by Madame
1009,NUOVO RANGE (con SFERA EBBASTA) by Rkomi
1010,La più bella by Mecna
1011,LA CODA DEL DIAVOLO (con ELODIE) by Rkomi
1012,Blu Celeste by BLANCO
1013,Angelina Jolie by Bresh
1014,Paraocchi by BLANCO
1015,uNa DiReZioNe giUsTa by yungest Moonstar
1016,Futura Ex (feat. Ernia) by Guè
1017,Quello che fa male by LDA
1018,Aston Martin (feat. Headie One) by Shiva
1019,DUBBI by Marracash
1020,Daytona (feat. Marracash) by Guè
1021,Wallah by Ghali
1022,IO by Marracash
1023,Quanto ti vorrei by chiello
1024,perso nel buio (con Madame) by sangiovanni
1025,LA CANZONE NOSTRA ⟁ ︎(con BLANCO & SALMO) by MACE
1026,PARTIRE DA TE by Rkomi
1027,Scrivile Scemo by Pinguini Tattici Nucleari
1028,Mi Piace (feat. Sfera Ebbasta) by Tony Effe
1029,Domai (feat. Ketama126) by Guè
1030,MEGLIO DEL CINEMA by Fedez
1031,Rahiye Hasde by Khan Bhaini
1032,Score by Arjan Dhillon
1033,Teri Life Meri Life by R Nait
1034,U Next by Prem Dhillon
1035,Mahol by Arjan Dhillon
1036,Jhumke by Harnoor
1037,Kudi Tu Bomb by Jack Love
1038,Fully Loaded by Tegi Pannu
1039,Asla by Karan Randhawa
1040,Ve Dhola by Prabh Gill
1041,Tom Ford by Amantej Hundal
1042,Jhooth Bolda by Jass Bajwa
1043,Feelinga by Garry Sandhu
1044,Malwa Squad by Jack Love
1045,What Ve by Diljit Dosanjh
1046,Dil Todna by Singga
1047,Hook N Crook by Hardeep Grewal
1048,Bijlee Bijlee by Harrdy Sandhu
1049,Jatti Ton Pyaar Le by Sajjan Adeeb
1050,Gora Rang by JIGAR
1051,NachLai Goriye by Himmat Sandhu
1052,DESIRES by AP Dhillon
1053,Mandeer by Arjan Dhillon
1054,TERE TE by AP Dhillon
1055,Mithi Mithi by Mannat Noor
1056,Churi by Khan Bhaini
1057,Jindey Meriye (From Alll Rounder) by Jassie Gill
1058,Kde Kde by Maninder Buttar
1059,"Naina Da Joda (From ""Teeja Punjab"") by Ammy Virk"
1060,Aashiq Mud Na Jaawe by Akhil
1061,Shayar by Diljot jhinjer
1062,Nai Chaidi by The PropheC
1063,Hold On by Arjan Dhillon
1064,Holiday by Garry Sandhu
1065,Sade Aala by Arjan Dhillon
1066,Dass Billo by Arjan Dhillon
1067,Satisfy by Sidhu Moose Wala
1068,Mehal by Arjan Dhillon
1069,MAJHE AALE by AP Dhillon
1070,Wah Kya Nazare (feat. Gaby Fuego) by Harnoor
1071,Kalli Sohni by Arjan Dhillon
1072,2 Raflaan (feat. Gurlej Akhtar) by Mankirt Aulakh
1073,Shehar Chandigarh Chale Aa by Yasir Hussain
1074,Zoom by Jass Manak
1075,President - Warning by Amrit Maan
1076,Gaddar Banda by R Nait
1077,Chori Da Pistol by Laddi Chahal
1078,"Qatal (From ""Warning"") by Jordan Sandhu"
1079,Dabde Ni by Ammy Virk
1080,Kol Hove by Maninder Buttar
1081,Gangwar by Saabi Bhinder
1082,Distance Love by Grewal
1083,NO MORE SHADA by Parmish Verma
1084,Black Dress by Jack Love
1085,Koke by Shipra Goyal
1086,Addi Sunni by Karan Aujla
1087,Duniadari by Kulbir Jhinjer
1088,Aahlne by A Kay
1089,Laare by Musahib
1090,Itz A Hustle by Karan Aujla
1091,Bismillah by Amrit Maan
1092,Pyar Di Kahani by Ammy Virk
1093,Sorry by Mickey Singh
1094,Dastaan E Ishq by R Nait
1095,Kaali Bentley by Miss Pooja
1096,Here & There by Karan Aujla
1097,Gede by Karan Randhawa
1098,Jaan by Nimrat Khaira
1099,Vibe by Diljit Dosanjh
1100,Moon Bound by Prem Dhillon
1101,12 Bande by Varinder Brar
1102,Mitti Da Khadona by Bilal Saeed
1103,Zulfan by Mankirt Aulakh
1104,Gallan Ne Do by Deep Jandu
1105,Jabardast Dost by Korala Maan
1106,Mere Warga by Kaka
1107,Hanji Hanji by Navaan Sandhu
1108,4 AM by Mickey Singh
1109,To The Stars by The PropheC
1110,Sharab by Karan Aujla
1111,Na Na by Mickey Singh
1112,Click That B Kickin It (Yaar Jatt De) by Karan Aujla
1113,Chal Jindiye by Amrinder Gill
1114,"Ikk Duje De (From ""Moosa Jatt"") by Sweetaj Brar"
1115,Hor Dus by Parmish Verma
1116,Black & White by Diljit Dosanjh
1117,Leke Pehla Pehla Pyaar by Jassie Gill
1118,Muqabla by Amrinder Gill
1119,Jinni Sohni by Jass Bajwa
1120,Gundeyan Di Gaddi by R Nait
1121,Love Talks by Himmat Sandhu
1122,Pagg by Amrinder Gill
1123,Bad Munda by Jass Manak
1124,Gussa by Amrinder Gill
1125,Kinaare by Sharry Mann
1126,Jis Din Da Shadgi (feat. Dilpreet Dhillon) by Jordan Sandhu
1127,Schedule by Tegi Pannu
1128,Roka by R Nait
1129,"MERRY-GO-ROUND (Feat. Zion.T, Wonstein) (Prod. Slom) by sokodomo"
1130,"Counting Stars by O"", "
1131,"Limousine (Feat. MINO) (Prod. GRAY) by O"", "
1132,"Meeting is easy, parting is hard (Feat. Leellamarz) (Prod. TOIL) by Basick"
1133,Dissonance (Feat. AKMU) (Prod. GRAY) by Mudd the student
1134,Wake Up (Prod. CODE KUNST) by Gaeko
1135,BREATHE (Feat. MINO) (Prod. GRAY) by Anandelight
1136,Savage by aespa
1137,"Without You (Feat. ASH ISLAND) (Prod. GRAY) by O"", "
1138,Suddenly by BE'O
1139,strawberry moon by IU
1140,Next Level by aespa
1141,"MBTI (Feat. Coogie & Loco) (Prod. GRAY) by O"", "
1142,OHAYO MY NIGHT by D-Hack
1143,NAKKA (with IU) by AKMU
1144,RE : WIND by ISEGYE IDOL
1145,Universe (Let's Play Ball) by NCT U
1146,Traffic light by Lee Mujin
1147,Peaches (feat. Daniel Caesar & Giveon) by Justin Bieber
1148,LILAC by IU
1149,"Waterbomb (Feat. Gaeko, Nucksal) (Prod. CODE KUNST) by Gwangil Jo"
1150,One Right Now (with The Weeknd) by Post Malone
1151,SCIENTIST by TWICE
1152,Next Girlfriend by Gia Woods
1153,Steady by KIIRA
1154,Skin & Bones by Shab
1155,Villain in My Story by Valencia
1156,Los Malvekes by Cris Mj
1157,Mi Gata by Standly
1158,Qué Pasa? by Marcianeke
1159,Dimelo Ma by Pailita
1160,MONEYMAN (feat. Galee Galee & ITHAN NY) by Polimá Westcoast
1161,Ella - Remix by Boza
1162,Las Naik by ITHAN NY
1163,¿Por Qué Te Enojái? by Harry Nach
1164,Dele Cotele 3 by Adan La Amenaza
1165,Locura y Maldad by Cris Mj
1166,En las Malas y Buenas by Arte Elegante
1167,Cu4tro by Polimá Westcoast
1168,23 (With Ape Drums) by Randy
1169,Big Cut by Galee Galee
1170,Sexo Virtual by Rauw Alejandro
1171,TOTA by Drago200
1172,911 - Remix by Sech
1173,love nwantiti (feat. Dj Yo! & AX'EL) - Remix by CKay
1174,BICI by Duki
1175,Emojis de Corazones (feat. Los Legendarios) by Wisin
1176,SEJODIOTO by KAROL G
1177,Ponle by Balbi El Chamako
1178,Don't Start Now by Dua Lipa
1179,AMOR DE MI VIDA by Feid
1180,Wasa Wasa by Ryan Castro
1181,VACAXIONES by Feid
1182,Jordan by Ryan Castro
1183,SI TÚ SUPIERAS - Bonus Track by Feid
1184,FRIKI by Feid
1185,TE MATA by Feid
1186,200 COPAS by KAROL G
1187,CHIMBITA by Feid
1188,8 DIAX by Feid
1189,Malory by Ryan Castro
1190,Poblado - Remix by J Balvin
1191,FUMETEO - Remix by Feid
1192,Monumento by Andy Rivera
1193,Hace Tiempo by Blessd
1194,Quien TV by Blessd
1195,TENGO FE by Feid
1196,COMMENT by Feid
1197,2/Catorce by Rauw Alejandro
1198,IMPOSIBLE - REMIX by Blessd
1199,Dos Problemas (feat. Big Soto) - Remix by Blessd
1200,MIONCA AL BLOQUE by Feid
1201,Algo Que Se Quede by Grupo Niche
1202,Guaro - Remix by Pipe Bueno
1203,JORDAN IV by Feid
1204,Di Di Di by Braulio Fogon
1205,Bagre by Braulio Fogon
1206,Me Gustas Natural by Eladio Carrion
1207,Tamo en Hoja by El Alfa
1208,Uva Bombom by Rochy RD
1209,Jóvenes Millonarios by Eladio Carrion
1210,Chupable by El Alfa
1211,Mcgregor by Anuel AA
1212,North Carolina by Anuel AA
1213,Manos de Tijera by Yiyo Sarante
1214,Dile al Amor by Aventura
1215,Mango Piña by Braulio Fogon
1216,Piri Bambam by Kaly Ocho
1217,Aquel Nap ZzZz by Rauw Alejandro
1218,Flores en Anónimo by Eladio Carrion
1219,Singamo by Tokischa
1220,Claro Cristal by Eladio Carrion
1221,Miradas Raras by Eladio Carrion
1222,Quienes Son Ustedes by Eladio Carrion
1223,Alejarme de Ti by Eladio Carrion
1224,Sauce Boy Freestyle 5 by Eladio Carrion
1225,Un Beso by Aventura
1226,Links Rechts by Snollebollekes
1227,Rainbow In The Sky - K & A's Radio Blast by Paul Elstak
1228,Luv U More (Da Tweekaz Remix) by Paul Elstak
1229,Watskeburt?! by De Jeugd Van Tegenwoordig
1230,Sterrenstof by De Jeugd Van Tegenwoordig
1231,Vrede by Ruth Jacott
1232,(I've Had) The Time of My Life by Bill Medley
1233,Little Green Bag by George Baker
1234,Hakke & Zage (Radio Mix) by Gabber Piet
1235,Does Your Mother Know by ABBA
1236,Brabant by Guus Meeuwis
1237,Turbo by New Kids
1238,Stayin' Alive - 2007 Remastered Version Saturday Night Fever by Bee Gees
1239,Africa by TOTO
1240,Rosanne by Nick & Simon
1241,Love Song by VanVelzen
1242,Holiday Rap by MC Miker G
1243,Angeline (M'n Blonde Sexmachine) by Peter Koelewijn
1244,Hips Don't Lie (feat. Wyclef Jean) by Shakira
1245,Man in the Mirror by Michael Jackson
1246,Vlieg Met Me Mee - Live by Paul de Leeuw
1247,The Ketchup Song (Asereje) - Spanglish Version by Las Ketchup
1248,Somebody That I Used To Know by Gotye
1249,Fuck You by CeeLo Green
1250,Stop Lovin' You (Radio Edit) by Vinylworxx
1251,Alors On Danse - Radio Edit by Stromae
1252,We No Speak Americano (Original Mix) by Yolanda Be Cool & DCUP
1253,Ain't No Mountain High Enough - Stereo Version by Marvin Gaye
1254,Ring of Fire by Johnny Cash
1255,Hardcore Vibes by Dune
1256,Leipe Morco - Flavour Remix by Ali B
1257,I Want It That Way by Backstreet Boys
1258,Replay by Iyaz
1259,Beautiful Girls by Sean Kingston
1260,Down by Jay Sean
1261,Don't Cha by The Pussycat Dolls
1262,Girlfriend by Avril Lavigne
1263,A Thousand Miles by Vanessa Carlton
1264,You're Beautiful by James Blunt
1265,Hung Up by Madonna
1266,"Whenever, Wherever by Shakira"
1267,Two Princes by Spin Doctors
1268,SNAP! Megamix 2009 by SNAP!
1269,Wazzup - Flamman & Abraxas Radio Mix by Party Animals
1270,Dois Mundos (Two Worlds) - Edited by Ed Motta
1271,2 Times - Original by Ann Lee
1272,Rappers Delight by The Sugarhill Gang
1273,I'm Too Sexy by Right Said Fred
1274,Red Red Wine by UB40
1275,Heart Of Glass by Blondie
1276,Kiss by Prince
1277,Suspicious Minds by Elvis Presley
1278,Gonna Make You Sweat by C & C Music Factory
1279,Ecuador by Sash!
1280,A Little Less Conversation - JXL Radio Edit Remix by Elvis Presley
1281,Drop it - Radio Mix by Scoop
1282,Let's Get Loud by Jennifer Lopez
1283,Love Generation by Bob Sinclar
1284,Summer Jam - Radio Edit by The Underdog Project
1285,I Love Rock 'N' Roll by Britney Spears
1286,(I' Ve Had) the Time of My Life by Film Musical Orchestra
1287,Hey Baby by Cooldown Café
1288,Zeg Maar Niets Meer by Andre Hazes
1289,Face In The Crowd by Lionel Richie
1290,Because The Night (Radio Edit) by Jan Wayne
1291,Wie Kan Mij Vertellen... by André Hazes Jr.
1292,Anyone of Us (Stupid Mistake) by Gareth Gates
1293,High by Lighthouse Family
1294,Everything by Michael Bublé
1295,Something Happened on the Way to Heaven - 2016 Remaster by Phil Collins
1296,Ride Wit Me by Nelly
1297,We Come 1 - Radio Edit by Faithless
1298,The Tide Is High - Radio Mix by Atomic Kitten
1299,Where Is The Love? by Black Eyed Peas
1300,Livin' On A Prayer by Bon Jovi
1301,Anne by Clouseau
1302,Wake Up by Brennan Heart
1303,Play That Funky Music by Wild Cherry
1304,Gemist by De Jeugd Van Tegenwoordig
1305,One Of Us by Joan Osborne
1306,Move Your Feet by Junior Senior
1307,I Love It (feat. Charli XCX) by Icona Pop
1308,Weekend by Earth & Fire
1309,Het Land Van by Lange Frans
1310,Why Tell Me Why by Anita Meyer
1311,De Eerste Keer by Maxine & Franklin Brown
1312,Bring It All Back by S Club 7
1313,"Dom, Lomp & Famous by The Opposites"
1314,Vlinders by Brainpower
1315,"Face Down, Ass Up by DJ Isaac"
1316,Together In Wonderland by Charlie Lownoise
1317,The Game by DJ Galaga
1318,La Camisa Negra by Juanes
1319,Like a Virgin by Madonna
1320,Non Stop by Brainpower
1321,The Sweet Escape by Gwen Stefani
1322,Juli July (Brother Louie) by Bert Heerink
1323,Love Come Home - Radio Mix by DJ Jean
1324,"Raataan Lambiyan (From ""Shershaah"") by Tanishk Bagchi"
1325,"Ranjha (From ""Shershaah"") by Jasleen Royal"
1326,Jugnu by Badshah
1327,Insane by AP Dhillon
1328,Oo Antava Oo Oo Antava by Indravathi Chauhan
1329,Tu Aake Dekhle by King
1330,Kina Chir by The PropheC
1331,We Rollin by Shubh
1332,"Najaa (From ""Sooryavanshi"") by Tanishk Bagchi"
1333,Brown Munde by AP Dhillon
1334,Saami Saami by Mounika Yadav
1335,Srivalli by Devi Sri Prasad
1336,"Agar Tum Saath Ho (From ""Tamasha"") by Alka Yagnik"
1337,"Mann Bharryaa 2.0 (From ""Shershaah"") by B Praak"
1338,No Lie by Sean Paul
1339,"Dil Ko Karaar Aaya (From ""Sukoon"") by Yasser Desai"
1340,Excuses by AP Dhillon
1341,"Kusu Kusu (From ""Satyameva Jayate 2"") by Tanishk Bagchi"
1342,"Mere Yaaraa (From ""Sooryavanshi"") by Arijit Singh"
1343,Ma Belle by AP Dhillon
1344,Lover by Diljit Dosanjh
1345,Shayad by Pritam
1346,"Tum Tum (From ""Enemy - Tamil"") by Thaman S"
1347,Waalian by Harnoor
1348,"Aashiqui Aa Gayi(From ""Radhe Shyam"") by Mithoon"
1349,SPACESHIP by AP Dhillon
1350,Param Sundari by A.R. Rahman
1351,"Soch Liya (From ""Radhe Shyam"") by Mithoon"
1352,Barbaadiyan by Sachet Tandon
1353,Rait Zara Si by A.R. Rahman
1354,"Tip Tip (From ""Sooryavanshi"") by Tanishk Bagchi"
1355,Chaka Chak by A.R. Rahman
1356,Lut Gaye by Jubin Nautiyal
1357,"Naatu Naatu (From ""Rrr"") by Rahul Sipligunj"
1358,Pal Pal Dil Ke Paas- Title Track by Arijit Singh
1359,"Shiddat Title Track (From ""Shiddat"") by Manan Bhardwaj"
1360,Let Me Down Slowly by Alec Benjamin
1361,Jug Jug Jeeve by Sachet Tandon
1362,Ambitions by Hank McCoy
1363,INDUSTRY BABY (feat. Jack Harlow) by Lil Nas X
1364,"Love Me Today, Leave Me Tomorrow by Hank McCoy"
1365,Coupe by Pop Smoke
1366,365 by Hank McCoy
1367,Roadrunner by Migos
1368,Grind Time by Hank McCoy
1369,Holy Smokes by Trippie Redd
1370,Let It Burn by Cyclops
1371,Mr. Jones (feat. Future) by Pop Smoke
1372,If It's You by Peter Jackson
1373,30 (feat. Bizzy Banks) by Pop Smoke
1374,Mallory by YuroLafam
1375,Toxic by Polo G
1376,A Moonlight's Groove by AlphaPatron
1377,ARE YOU WITH THAT? by Vince Staples
1378,Hundred Roses by Peter Jackson
1379,"Switch it Up (feat. G Herbo, No More Heroes) by Pooh Shiesty"
1380,"LEMONHEAD (feat. 42 Dugg) by Tyler, The Creator"
1381,Twerkulator by City Girls
1382,Gangsta's Paradise by Coolio
1383,Astronaut In The Ocean by Masked Wolf
1384,In Da Club by 50 Cent
1385,Without Me by Eminem
1386,Persia - Remix by Jossef
1387,Perrito Malvado by Damas Gratis
1388,A Tu Merced by Bad Bunny
1389,Tengo Miedo De Ti by Los Mier
1390,512 by Mora
1391,White Christmas by Bing Crosby
1392,Last Christmas by Wham!
1393,Feliz Navidad by José Feliciano
1394,Happy Xmas (War Is Over) - 2010 Digital Remaster by John Lennon
1395,Sleigh Ride by The Ronettes
1396,All I Want for Christmas Is You by Mariah Carey
1397,It's the Most Wonderful Time of the Year by Andy Williams
1398,Rockin' Around The Christmas Tree by Brenda Lee
1399,Wonderful Christmastime by Paul McCartney
1400,The Christmas Song (Merry Christmas To You) - Remastered 1999 by Nat King Cole
1401,A Holly Jolly Christmas - Single Version by Burl Ives
1402,Jingle Bell Rock by Bobby Helms
1403,Christmas (Baby Please Come Home) by Darlene Love
1404,Run Rudolph Run by Chuck Berry
1405,Do They Know It's Christmas? - 1984 Version by Band Aid
1406,"You're A Mean One, Mr. Grinch by Thurl Ravenscroft"
1407,What Christmas Means To Me by Stevie Wonder
1408,Let It Snow! Let It Snow! Let It Snow! by Dean Martin
1409,We Need A Little Christmas by Percy Faith & His Orchestra & Chorus
1410,Peace On Earth/Little Drummer Boy by David Bowie
1411,Do You Hear What I Hear? by Andy Williams
1412,Christmas in Dixie by Alabama
1413,Silver Bells by Dean Martin
1414,(There's No Place Like) Home for the Holidays - 1954 Version by Perry Como
1415,"Have Yourself A Merry Little Christmas - ""Meet Me In St. Louis"" Original Cast Recording by Judy Garland"
1416,It's Beginning to Look Like Christmas by Johnny Mathis
1417,I Saw Mommy Kissing Santa Claus by John Mellencamp
1418,Little Saint Nick by The Beach Boys
1419,This Christmas by Donny Hathaway
1420,Rudolph the Red-Nosed Reindeer by Gene Autry
1421,Merry Christmas Darling - Single Version by Carpenters
1422,Santa Baby by Eartha Kitt
1423,Please Come Home for Christmas - 2013 Remaster by Eagles
1424,The Chipmunk Song (Christmas Don't Be Late) - Remastered 1999 by Alvin & The Chipmunks
1425,O Holy Night by Nat King Cole
1426,Santa Claus Is Coming To Town by The Jackson 5
1427,Frosty The Snowman by Jimmy Durante
1428,Christmas Eve / Sarajevo 12/24 - Instrumental by Trans-Siberian Orchestra
1429,Silver And Gold by Burl Ives
1430,Here Comes Santa Claus (Right Down Santa Claus Lane) by Elvis Presley
1431,Up On The House Top by Gene Autry
1432,Hard Candy Christmas by Dolly Parton
1433,Someday At Christmas by Stevie Wonder
1434,The Little Drummer Boy - 1965 Version by Harry Simeone Chorale
1435,PAPARAZZI by UZI
1436,10 NUMARA by Lvbel C5
1437,Mahvettim by cakal
1438,Seni Dert Etmeler by Madrigal
1439,Hayrola by Artz
1440,Gamzedeyim Deva Bulmam by Dedublüman
1441,Arıyorum by EDIS
1442,İçime Ata Ata by Burak Bulut
1443,Uzunlar - V1 by Evdeki Saat
1444,CINDY by UZI
1445,Dalga by Batuflex
1446,ralli by Lvbel C5
1447,Bilmem Mi? by Sefo
1448,Umrumda Değil by UZI
1449,Sen Varsın Diye by Yüzyüzeyken Konuşuruz
1450,Gitme by Dolu Kadehi Ters Tut
1451,MIDDLE OF THE NIGHT by Elley Duhé
1452,Lütfen by cakal
1453,Dibine Kadar by Duman
1454,Dua by Güneş
1455,Ah Canım Sevgilim - Demo by Rei 6
1456,Kor by Emir Can İğrek
1457,GECELERİN DERDİ by BEGE
1458,Altüst Olmuşum by Mavi Gri
1459,Dinle Beni Bi' by Yüzyüzeyken Konuşuruz
1460,Bul Beni by Ezhel
1461,Kül by Cem Adrian
1462,Pembe Mezarlık by Model
1463,Krvn by UZI
1464,Baba by Ayaz Erdoğan
1465,Affet Beni Sevgilim by Ege Balkiz
1466,Beyaz Skandalım by Emir Can İğrek
1467,Göklerde Süzülürken by Anıl Piyancı
1468,Makina by UZI
1469,Bonita by Sefo
1470,Aynen Öyle by Lvbel C5
1471,Pare by Reynmen
1472,Another Love by Tom Odell
1473,Bu Son Olsun by Cem Karaca
1474,Yıldızların Altında by Kargo
1475,Kendime Yalan Söyledim by Seksendört
1476,Hayatım Kaymış by Melek Mosso
1477,Aşkın Mevsimi by Oğuzhan Koç
1478,Yalan by Reynmen
1479,Üzerime Kalır by Kubilay Karça
1480,Martılar by EDIS
1481,Anıları Sakla by Batuhan Kordel
1482,family ties (with Kendrick Lamar) by Baby Keem
1483,RAPSTAR by Polo G
1484,Don’t Play (with Lil Baby) by Polo G
1485,Bad Man (Smooth Criminal) by Polo G
1486,Young N Dumb by Polo G
1487,Sky by Playboi Carti
1488,"Who Want Smoke?? (feat. G Herbo, Lil Durk & 21 Savage) by Nardo Wick"
1489,2055 by Sleepy Hallow
1490,Wants and Needs (feat. Lil Baby) by Drake
1491,No Role Modelz by J. Cole
1492,Already Dead by Juice WRLD
1493,Get Into It (Yuh) by Doja Cat
1494,Start Up Again (with Moneybagg Yo) by Polo G
1495,Praise God by Kanye West
1496,Fair Trade (with Travis Scott) by Drake
1497,Party Animal by Silatain
1498,By Your Side by Rod Wave
1499,20 Min by Lil Uzi Vert
1500,Miss The Rage (feat. Playboi Carti) by Trippie Redd
1501,Lucid Dreams by Juice WRLD
1502,Tell Em by Cochise
1503,Me or Sum (feat. Future & Lil Baby) by Nardo Wick
1504,All Girls Are The Same by Juice WRLD
1505,The Spins by Mac Miller
1506,"...And to Those I Love, Thanks for Sticking Around by $uicideboy$"
1507,Sinister (feat. Lil Wayne) by Cordae
1508,Best Friend (feat. Doja Cat) by Saweetie
1509,"See You Again (feat. Kali Uchis) by Tyler, The Creator"
1510,Mood (feat. iann dior) by 24kGoldn
1511,Girls Want Girls (with Lil Baby) by Drake
1512,Jumpin (feat. Polo G) by NLE Choppa
1513,Wishing Well by Juice WRLD
1514,Calling My Phone by Lil Tjay
1515,LOT OF ME by Lil Tecca
1516,XO Tour Llif3 by Lil Uzi Vert
1517,Up by Cardi B
1518,Money Trees by Kendrick Lamar
1519,Robbery by Juice WRLD
1520,Pursuit Of Happiness (Nightmare) by Kid Cudi
1521,Lemonade by Internet Money
1522,Jocelyn Flores by XXXTENTACION
1523,ESCAPE PLAN by Travis Scott
1524,Shoota (feat. Lil Uzi Vert) by Playboi Carti
1525,Back In Blood (feat. Lil Durk) by Pooh Shiesty
1526,Sharing Locations (feat. Lil Baby & Lil Durk) by Meek Mill
1527,Monhaser Be Fard by Sina Derakhshande
1528,Delam Azat Shekaste by Mohsen Ebrahimzadeh
1529,Sazesh by Babak Jahanbakhsh
1530,Dota Dele Ashegh by Behnam Bani
1531,Tabir by Mehdi Ahmadvand
1532,Gham Gerefte Hame Kooche Haye Ma Ro by Amir Tataloo
1533,Doret Begardam by Hojat Ashrafzade
1534,Man Delam Tange by Macan Band
1535,Zaraban by Alireza Khan
1536,Az Ghasd by Haamim
1537,Gheyre Adi by Mohsen Ebrahimzadeh
1538,Mishe Behem Betabi - Mani Live Remix by Naser Zeynali
1539,Khab Didam by Behnam Khedri
1540,Gharibe Ashena by Ehaam
1541,Didi Paeizo by Moein Z
1542,Salam Azizam by Masih
1543,Amoo Zanjir Baf by Masih
1544,Delbar by Evan Band
1545,Hala Hala Ha by Masoud Sadeghloo
1546,Leyla by Alireza Talischi
1547,Donyam by Hamid Hiraad
1548,Leyli Ziba by Kasra Zahedi
1549,Ki Raft by Nivad
1550,Bitabi by Ali Montazeri
1551,Shalizar by Ragheb
1552,Zibaye Bi Ehsas by Behnam Khedri
1553,Khater Khah by Evan Band
1554,Yekio Daram by Haamim
1555,Delo Deldar by Majid Parsa
1556,Arezoo by Mazyar Fallahi
1557,Noor Cheshmi by Evan Band
1558,Mahe Khoshgelam by Emo Band
1559,Tehran by Hamid Hiraad
1560,Yeki Bashe by Meysam Ebrahimi
1561,Zakhme Kari by Behnam Bani
1562,Khodeto Beresoon by Naser Zeynali
1563,Ta Abad by Hamid Hesam
1564,Khandehato Ghorboun by Aron Afshar
1565,Zade Baroon by Masoud Sadeghloo
1566,Janan by Ali Montazeri
1567,Taghche Bala by Mohsen Ebrahimzadeh
1568,Yek Nafas Arezouye To by Homayoun Shajarian
1569,Barikala by Omid Hajili
1570,Daste Gol by Majid Razavi
1571,Ey Vaaay by Babak Jahanbakhsh
1572,Shabe Royaei by Aron Afshar
1573,Yeki Hast by Morteza Pashaei
1574,Havaye Zemzemehayat by Homayoun Shajarian
1575,Ghaf by Alireza Talischi
1576,Doneh Doneh 2 by Mohsen Ebrahimzadeh
1577,Bezan Baran by Ehaam
1578,Shakhe Gol by Kasra Zahedi
1579,Sadas by Amirabbas Golab
1580,Gelofen by Xaniar Khosravi
1581,Man Bahat Ghahram by Amir Tataloo
1582,I AM WOMAN by Emmy Meli
1583,Better Days (NEIKED x Mae Muller x Polo G) by NEIKED
1584,Meet Me At Our Spot by THE ANXIETY
1585,Oh My God by Adele
1586,Wandered To LA (with Justin Bieber) by Juice WRLD
1587,Dark Horse by Katy Perry
1588,Lonely Life by Ethan Sak
1589,Girls Like You (feat. Cardi B) - Cardi B Version by Maroon 5
1590,Let Her Go by Passenger
1591,Perfect by Ed Sheeran
1592,Hello by Adele
1593,Closer by The Chainsmokers
1594,We Don't Talk Anymore (feat. Selena Gomez) by Charlie Puth
1595,"Love Me Like You Do - From ""Fifty Shades Of Grey"" by Ellie Goulding"
1596,A Thousand Years by Christina Perri
1597,Somebody That I Used To Know by Gotye
1598,Someone Like You by Adele
1599,Love Yourself by Justin Bieber
1600,Say You Won't Let Go by James Arthur
1601,Too Good At Goodbyes by Sam Smith
1602,Shallow by Lady Gaga
1603,7 Years by Lukas Graham
1604,Photograph by Ed Sheeran
1605,When I Was Your Man by Bruno Mars
1606,Stay by Rihanna
1607,Sign of the Times by Harry Styles
1608,Memories by Maroon 5
1609,You Are The Reason by Calum Scott
1610,when the party's over by Billie Eilish
1611,Love Me Harder by Ariana Grande
1612,Like I'm Gonna Lose You (feat. John Legend) by Meghan Trainor
1613,It Will Rain by Bruno Mars
1614,Better by Khalid
1615,Say It Right - Main by Nelly Furtado
1616,Dangerous Woman by Ariana Grande
1617,"i hate u, i love u (feat. olivia o'brien) by Garrett Nash"
1618,Un-Break My Heart by Toni Braxton
1619,Karma Chameleon - Remastered 2002 by Culture Club
1620,Say Something by A Great Big World
1621,You're Beautiful by James Blunt
1622,Take A Bow by Rihanna
1623,I Have Nothing by Whitney Houston
1624,We Belong Together by Mariah Carey
1625,Night Changes by One Direction
1626,Skyfall by Adele
1627,Because of You by Kelly Clarkson
1628,Intentions (feat. Quavo) by Justin Bieber
1629,Hold On by Chord Overstreet
1630,comethru by Jeremy Zucker
1631,I'll Never Love Again - Film Version - Radio Edit by Lady Gaga
1632,Lose You To Love Me by Selena Gomez
1633,Right Here Waiting by Richard Marx
1634,Se Le Ve by Dímelo Flow
1635,Virgen by Adolescent's Orquesta
1636,family ties (with Kendrick Lamar) by Baby Keem
1637,Can I Get It by Adele
1638,My Little Love by Adele
1639,Dark Red by Steve Lacy
1640,I Drink Wine by Adele
1641,Guerrero by Kenzo Mc
1642,Ex Difícil by Miguel Miguelo
1643,Flipea by Yamid Spain
1644,El Lambo - Spanish Version by Dexter Beretta
1645,Making Money by Yamid Spain
1646,Tänd ett ljus by Triad
1647,Ser du månen där du är ikväll? (Tillsammans igen) by Thomas Stenström
1648,Julen är här by Tommy Körberg
1649,Mer jul - Klassisk Version by Adolphson & Falk
1650,Välkommen hem by E.M.D.
1651,Juligen by Just D
1652,Jag kommer hem igen till jul by Peter Jöback
1653,"Jul, jul strålande jul by Carola"
1654,SOM DOM by Sarettii
1655,Lotta & Sanna by Mohelá
1656,Babblarnas vaggvisa by Babblarna
1657,En dag när du blir stor by Benjamin Ingrosso
1658,Den vintertid nu kommer by Miss Li
1659,"Come Whatever, Come What May by My Marianne"
1660,Have Yourself A Merry Little Christmas by Sam Smith
1661,"Tomten, jag vill ha en riktig jul by Judit"
1662,O helga natt by Tommy Körberg
1663,Fira jul med mig by Linnea Henriksson
1664,Trapper Of The Year (Intro) - Bonus Track by 23
1665,Lämna honom by Melissa Horn
1666,Dirty Kalle by VC Barre
1667,Gubben i lådan by Thomas Stenström
1668,Little Things by ABBA
1669,What's Christmas Anyway by Darin
1670,Вина (feat. 17 SEVENTEEN) by OG Buda
1671,99 Problems by Big Baby Tape
1672,ВЛЮБИЛАСЬ by Big Baby Tape
1673,Million by Big Baby Tape
1674,Акид by PHARAOH
1675,Bandana by Big Baby Tape
1676,Marmalade by Miyagi & Andy Panda
1677,Башня by Даня Милохин
1678,Домой by MORGENSHTERN
1679,astral step by shadowraze
1680,cети by quiizzzmeow
1681,TRAXXXMANIA by GONE.Fludd
1682,17 лет by Max Korzh
1683,Афган by Max Korzh
1684,Лёд by WENARO
1685,Балконы by Max Korzh
1686,СОЛНЦЕ МОНАКО by Lusia Chebotina
1687,Сан Ларан by Платина
1688,Снадобье by Max Korzh
1689,Барбисайз by дора
1690,Лучший вайб by Max Korzh
1691,Shivers (feat. FEDUK & SLAVA MARLOW) by Ed Sheeran
1692,ТОЛПЫ КРИЧАТ by uniqe
1693,Лифон by uniqe
1694,Close Eyes by DVRST
1695,LIPSI HA by INSTASAMKA
1696,Привет by Kambulat
1697,Дом Периньон by Poshlaya Molly
1698,Погоди by DSPRITE
1699,Звезда упала by Sqwore
1700,Young haze by Max Korzh
1701,Baby mama by Skryptonite
1702,Улицы без фонарей by Max Korzh
1703,плачь by rizza
1704,Сожжены by Max Korzh
1705,Не убежал by LSP
1706,Азбука by Boulevard Depo
1707,Мы все умрем by Oxxxymiron
1708,Aomine Daiki by quiizzzmeow
1709,Патрон by Miyagi & Andy Panda
1710,Mama Makusa by Big Baby Tape
1711,Так и знал by Max Korzh
1712,Хоп-механика by Oxxxymiron
1713,SLEEPKNOT by OBLADAET
1714,Happy Death Day by Xdinary Heroes
1715,Legend by Rohff
1716,Doudou by Koba LaD
1717,Polémique by Freeze corleone
1718,La 14 by Timal
1719,Fendi love by Guy2bezbar
1720,2 Mi-temps (feat. Mig) by Fresh laDouille
1721,R9R-LINE (feat. Damso) by Laylow
1722,De bon matin by Niska
1723,La kiffance by Naps
1724,OLA OLA OLA by No Limit
1725,Jeune d'en bas (feat. Nekfeu) by DA Uzi
1726,Santorini by Rimkus
1727,Trucs de choses by Gradur
1728,Pololo by MHD
1729,L'immortale by Lacrim
1730,TDB by OBOY
1731,27 (feat. Freeze Corleone) by DA Uzi
1732,Dragon by Booba
1733,Dans le Réseau by Djadja & Dinaz
1734,Le billet by ISK
1735,Petrouchka (feat. PLK) by Soso Maness
1736,Noblabla by Larry
1737,Mapessa (feat. Tiakola) by Leto
1738,Mozart Capitaine Jackson (Episode 1) by Leto
1739,J'rentre pas chez moi by Djadja & Dinaz
1740,Sagacité by MHD
1741,Petit coeur by RK
1742,Hallyday by Kaaris
1743,Du mal à te dire by Dinos
1744,Millions by No Limit
1745,Andale by 91 All Stars
1746,"Pic et pic, alcool et drame by Jul"
1747,Cramé by Koba LaD
1748,Afro Trap Part. 11 (King Kong) by MHD
1749,HAINE&SEX by Gazo
1750,La Seleçao by Alonzo
1751,Incertain by Hös Copperfield
1752,Criminel by Alonzo
1753,C'EST QUOI L'DEL (feat. Nekfeu) by GIMS
1754,Elle m'a dit by Dj Quick
1755,Plaza Athénée by Booba
1756,Σ. MOROSE by Damso
1757,Nouveaux parrains by Sofiane
